Name,Email
Laxman Maharjan,lxmnmrzn@gmail.com
Rabin Dumaru,rabindumaru@gmail.com
Nirjal Prajapati,nirjalprajapati@gmail.com
Bibash Rajthala ,bibashrajthala00@gmail.com
Bikesh Sitikhu,sitikhubikesh@gmail.com
Aakash Dhakal,aakashrajdhakal@gmail.com
Shreejan Kisee,shreejan.kisee005@gmail.com
Luja Shakya,shakyaninja@gmail.com